Time,john,thomas,vaidy
00:00:00, 50, 37, 70
00:00:01, 50, 34, 64
00:00:02, 56, 30, 66
00:00:03, 51, 16, 57
00:00:04, 54, 37, 57
00:00:05, 56, 30, 48
00:00:06, 47, 48, 44
00:00:07, 57, 48, 24
00:00:08, 61, 51, 7
00:00:09, 64, 53, 1
00:00:10, 60, 43, 1
00:00:11, 63, 37, 13
00:00:12, 66, 37, 13
00:00:13, 70, 37, 23
00:00:14, 77, 26, 4
00:00:15, 67, 30, 10
00:00:16, 63, 41, 4
00:00:17, 54, 48, 17
00:00:18, 51, 43, 53
00:00:19, 56, 44, 47
00:00:20, 60, 23, 74
00:00:21, 66, 27, 63
00:00:22, 75, 30, 57
00:00:23, 70, 35, 53
00:00:24, 80, 37, 47
00:00:25, 69, 38, 53
00:00:26, 69, 35, 53
00:00:27, 69, 20, 70
00:00:28, 50, 38, 75
00:00:29, 56, 37, 66
00:00:30, 57, 27, 56
00:00:31, 57, 40, 50
00:00:32, 69, 30, 43
00:00:33, 78, 26, 56
00:00:34, 66, 26, 66
00:00:35, 64, 26, 80
00:00:36, 57, 17, 80
00:00:37, 54, 16, 70
00:00:38, 48, 34, 74
00:00:39, 51, 35, 53
00:00:40, 51, 50, 54
00:00:41, 48, 47, 54
00:00:42, 63, 53, 38
00:00:43, 56, 34, 30
00:00:44, 66, 27, 30
00:00:45, 56, 41, 37
00:00:46, 66, 43, 47
00:00:47, 57, 50, 67
00:00:48, 56, 57, 77
00:00:49, 61, 51, 78
00:00:50, 56, 44, 83
00:00:51, 75, 40, 91
00:00:52, 66, 41, 91
00:00:53, 75, 34, 97
00:00:54, 63, 29, 100
00:00:55, 56, 40, 100
00:00:56, 63, 27, 94
00:00:57, 54, 30, 81
00:00:58, 51, 30, 74
00:00:59, 48, 34, 70
00:01:00, 44, 26, 69
00:01:01, 47, 23, 60
00:01:02, 53, 21, 40
00:01:03, 67, 23, 20
00:01:04, 64, 37, 4
00:01:05, 61, 40, 11
00:01:06, 63, 50, 7
00:01:07, 56, 51, 23
00:01:08, 60, 51, 38
00:01:09, 75, 61, 41
00:01:10, 81, 51, 54
00:01:11, 81, 50, 53
00:01:12, 75, 56, 61
00:01:13, 74, 47, 53
00:01:14, 64, 37, 50
00:01:15, 67, 35, 51
00:01:16, 70, 27, 54
00:01:17, 66, 23, 47
00:01:18, 78, 20, 41
00:01:19, 78, 13, 40
00:01:20, 81, 26, 34
00:01:21, 78, 38, 44
00:01:22, 78, 38, 44
00:01:23, 78, 43, 51
00:01:24, 84, 11, 48
00:01:25, 84, 14, 57
00:01:26, 81, 38, 64
00:01:27, 80, 38, 66
00:01:28, 78, 56, 70
00:01:29, 83, 47, 66
00:01:30, 77, 35, 66
00:01:31, 75, 34, 51
00:01:32, 63, 37, 48
00:01:33, 57, 41, 38
00:01:34, 57, 34, 38
00:01:35, 61, 40, 51
00:01:36, 75, 30, 61
00:01:37, 77, 23, 77
00:01:38, 75, 34, 57
00:01:39, 61, 35, 53
00:01:40, 57, 30, 51
00:01:41, 54, 27, 47
00:01:42, 63, 30, 66
00:01:43, 66, 23, 75
00:01:44, 64, 40, 63
00:01:45, 78, 60, 67
00:01:46, 66, 50, 64
00:01:47, 64, 56, 67
00:01:48, 60, 47, 78
00:01:49, 51, 29, 77
00:01:50, 57, 34, 88
00:01:51, 57, 21, 81
00:01:52, 64, 26, 66
00:01:53, 63, 34, 61
00:01:54, 53, 41, 50
00:01:55, 50, 53, 44
00:01:56, 61, 56, 43
00:01:57, 61, 53, 48
00:01:58, 56, 48, 50
00:01:59, 61, 61, 54
00:02:00, 35, 43, 81
00:02:01, 29, 40, 84
00:02:02, 21, 35, 90
00:02:03, 3, 20, 83
00:02:04, 11, 43, 69
00:02:05, 8, 53, 63
00:02:06, 24, 60, 43
00:02:07, 41, 60, 41
00:02:08, 30, 38, 26
00:02:09, 26, 30, 29
00:02:10, 24, 24, 53
00:02:11, 21, 27, 74
00:02:12, 24, 50, 93
00:02:13, 29, 63, 97
00:02:14, 24, 57, 81
00:02:15, 23, 56, 61
00:02:16, 38, 41, 66
00:02:17, 43, 30, 64
00:02:18, 51, 44, 77
00:02:19, 54, 37, 87
00:02:20, 54, 54, 78
00:02:21, 54, 50, 84
00:02:22, 63, 51, 75
00:02:23, 56, 64, 78
00:02:24, 54, 64, 78
00:02:25, 67, 56, 74
00:02:26, 60, 53, 77
00:02:27, 74, 47, 64
00:02:28, 80, 38, 57
00:02:29, 70, 27, 66
00:02:30, 83, 44, 69
00:02:31, 69, 47, 84
00:02:32, 64, 51, 100
00:02:33, 61, 60, 96
00:02:34, 54, 41, 100
00:02:35, 60, 40, 100
00:02:36, 51, 41, 100
00:02:37, 53, 40, 100
00:02:38, 61, 48, 97
00:02:39, 69, 47, 94
00:02:40, 77, 44, 87
00:02:41, 69, 43, 80
00:02:42, 60, 40, 78
00:02:43, 60, 35, 75
00:02:44, 63, 35, 77
00:02:45, 64, 29, 83
00:02:46, 77, 37, 81
00:02:47, 69, 47, 84
00:02:48, 78, 47, 83
00:02:49, 75, 50, 75
00:02:50, 66, 48, 70
00:02:51, 56, 41, 75
00:02:52, 38, 43, 75
00:02:53, 37, 61, 80
00:02:54, 26, 64, 84
00:02:55, 30, 78, 74
00:02:56, 43, 87, 78
00:02:57, 54, 63, 78
00:02:58, 66, 63, 64
00:02:59, 57, 54, 54
00:03:00, 44, 43, 38
00:03:01, 30, 43, 23
00:03:02, 26, 35, 35
00:03:03, 37, 43, 51
00:03:04, 30, 47, 69
00:03:05, 30, 61, 78
00:03:06, 26, 63, 88
00:03:06, 35, 56, 87
00:03:08, 40, 61, 78
00:03:09, 43, 40, 78
00:03:09, 57, 41, 57
00:03:10, 50, 27, 66
00:03:11, 51, 16, 66
00:03:12, 56, 35, 78
00:03:13, 53, 21, 91
00:03:14, 60, 30, 81
00:03:15, 56, 37, 77
00:03:16, 51, 38, 53
00:03:17, 48, 34, 40
00:03:18, 38, 27, 30
00:03:19, 41, 29, 47
00:03:20, 57, 29, 66
00:03:21, 61, 48, 69
00:03:22, 60, 48, 93
00:03:23, 66, 48, 75
00:03:24, 41, 38, 69
00:03:25, 24, 30, 64
00:03:26, 20, 37, 63
00:03:27, 1, 30, 67
00:03:28, 11, 38, 54
00:03:29, 27, 34, 78
00:03:30, 27, 37, 70
00:03:31, 47, 37, 81
00:03:32, 47, 35, 91
00:03:33, 51, 40, 75
00:03:34, 57, 23, 60
00:03:35, 54, 34, 50
00:03:36, 48, 30, 54
00:03:37, 48, 29, 54
00:03:38, 41, 44, 69
00:03:39, 40, 29, 61
00:03:40, 38, 29, 66
00:03:41, 48, 30, 63
00:03:42, 51, 26, 57
00:03:43, 61, 43, 57
00:03:44, 63, 38, 48
00:03:45, 51, 48, 47
00:03:46, 51, 51, 50
00:03:47, 35, 47, 43
00:03:48, 35, 44, 44
00:03:49, 44, 35, 50
00:03:50, 48, 26, 57
00:03:51, 60, 29, 74
00:03:52, 54, 30, 87
00:03:53, 51, 37, 74
00:03:54, 44, 40, 67
00:03:55, 43, 34, 69
00:03:56, 43, 34, 57
00:03:57, 51, 27, 69
00:03:58, 47, 24, 70
00:03:59, 47, 29, 66
00:04:00, 61, 30, 56
00:04:01, 53, 17, 64
00:04:02, 64, 20, 47
00:04:03, 69, 4, 29
00:04:04, 63, 13, 29
00:04:05, 64, 37, 34
00:04:06, 57, 29, 38
00:04:07, 56, 41, 43
00:04:08, 51, 37, 38
00:04:09, 51, 27, 16
00:04:10, 51, 40, 27
00:04:11, 51, 56, 23
00:04:12, 43, 54, 27
00:04:13, 44, 60, 26
00:04:14, 56, 57, 17
00:04:15, 60, 53, 26
00:04:16, 70, 50, 24
00:04:17, 75, 47, 24
00:04:18, 61, 43, 20
00:04:19, 75, 34, 26
00:04:20, 66, 35, 40
00:04:21, 57, 24, 69
00:04:22, 70, 23, 83
00:04:23, 56, 30, 88
00:04:24, 61, 48, 84
00:04:25, 61, 61, 70
00:04:26, 66, 78, 77
00:04:27, 67, 70, 67
00:04:28, 53, 64, 70
00:04:29, 48, 56, 69
00:04:30, 35, 41, 56
00:04:31, 23, 35, 56
00:04:32, 20, 20, 57
00:04:33, 20, 37, 53
00:04:34, 14, 35, 53
00:04:35, 30, 48, 48
00:04:36, 38, 54, 47
00:04:37, 47, 29, 43
00:04:38, 51, 40, 40
00:04:39, 40, 35, 40
00:04:40, 43, 29, 29
00:04:41, 38, 37, 37
00:04:42, 44, 16, 51
00:04:43, 40, 16, 61
00:04:44, 30, 20, 69
00:04:45, 40, 24, 63
00:04:46, 23, 35, 51
00:04:47, 34, 20, 61
00:04:48, 37, 14, 57
00:04:49, 34, 16, 66
00:04:50, 56, 14, 67
00:04:51, 61, 26, 63
00:04:52, 69, 47, 64
00:04:53, 66, 51, 60
00:04:54, 69, 56, 50
00:04:55, 60, 54, 44
00:04:56, 53, 50, 35
00:04:57, 64, 44, 47
00:04:58, 54, 56, 57
00:04:59, 61, 51, 57
00:05:00, 48, 44, 78
00:05:01, 37, 41, 69
00:05:02, 38, 38, 67
00:05:03, 38, 43, 75
00:05:04, 51, 35, 67
00:05:05, 43, 40, 60
00:05:06, 47, 34, 66
00:05:07, 44, 43, 61
00:05:08, 41, 48, 64
00:05:09, 67, 41, 67
00:05:10, 66, 47, 51
00:05:11, 61, 53, 37
00:05:12, 60, 57, 24
00:05:13, 44, 61, 38
00:05:14, 29, 66, 40
00:05:15, 26, 51, 56
00:05:16, 27, 48, 64
00:05:17, 34, 57, 60
00:05:18, 40, 51, 67
00:05:19, 43, 56, 64
00:05:20, 47, 63, 53
00:05:21, 40, 53, 54
00:05:22, 60, 63, 60
00:05:23, 69, 60, 61
00:05:24, 74, 56, 75
00:05:25, 87, 47, 66
00:05:26, 80, 17, 54
00:05:27, 75, 16, 53
00:05:28, 81, 16, 53
00:05:29, 69, 26, 51
00:05:30, 57, 38, 56
00:05:31, 61, 47, 56
00:05:32, 56, 41, 54
00:05:33, 54, 41, 50
00:05:34, 50, 37, 50
00:05:35, 41, 23, 48
00:05:36, 27, 23, 38
00:05:37, 29, 27, 50
00:05:38, 35, 35, 48
00:05:39, 35, 40, 54
00:05:40, 48, 35, 64
00:05:41, 43, 30, 63
00:05:42, 43, 26, 67
00:05:43, 47, 26, 67
00:05:44, 44, 24, 80
00:05:45, 43, 26, 70
00:05:46, 27, 24, 78
00:05:47, 40, 43, 70
00:05:48, 40, 54, 56
00:05:49, 47, 56, 70
00:05:50, 74, 57, 67
00:05:51, 70, 43, 61
00:05:52, 67, 30, 51
00:05:53, 69, 26, 48
00:05:54, 69, 29, 43
00:05:55, 56, 30, 51
00:05:56, 54, 38, 53
00:05:57, 47, 29, 47
00:05:58, 34, 41, 41
00:05:59, 44, 40, 43
00:06:00, 56, 50, 53
00:06:01, 40, 64, 57
00:06:02, 43, 44, 56
00:06:03, 38, 29, 64
00:06:04, 29, 20, 63
00:06:05, 48, 11, 63
00:06:06, 51, 13, 69
00:06:07, 51, 41, 53
00:06:08, 50, 44, 57
00:06:09, 48, 41, 57
00:06:10, 53, 44, 69
00:06:11, 50, 23, 66
00:06:12, 38, 21, 60
00:06:13, 44, 23, 48
00:06:14, 47, 27, 51
00:06:15, 57, 35, 61
00:06:16, 75, 29, 66
00:06:17, 70, 29, 83
00:06:18, 61, 23, 80
00:06:19, 51, 27, 84
00:06:20, 44, 26, 88
00:06:21, 57, 26, 83
00:06:22, 54, 29, 74
00:06:23, 57, 29, 78
00:06:24, 43, 30, 77
00:06:25, 34, 34, 54
00:06:26, 38, 30, 48
00:06:27, 34, 34, 30
00:06:28, 44, 47, 26
00:06:29, 51, 53, 43
00:06:30, 51, 66, 30
00:06:31, 53, 74, 30
00:06:32, 54, 61, 24
00:06:33, 47, 60, 27
00:06:34, 48, 41, 43
00:06:35, 54, 41, 51
00:06:36, 50, 53, 60
00:06:37, 50, 50, 67
00:06:38, 50, 80, 78
00:06:39, 38, 78, 77
00:06:40, 53, 93, 77
00:06:41, 51, 91, 75
00:06:42, 43, 88, 56
00:06:43, 53, 88, 67
00:06:44, 43, 69, 47
00:06:45, 51, 69, 38
00:06:46, 63, 66, 48
00:06:47, 56, 56, 29
00:06:47, 56, 48, 60
00:06:48, 54, 50, 61
00:06:49, 53, 53, 57
00:06:50, 57, 43, 61
00:06:51, 61, 38, 43
00:06:52, 63, 37, 35
00:06:53, 56, 41, 44
00:06:54, 64, 38, 48
00:06:55, 54, 35, 47
00:06:56, 50, 21, 50
00:06:57, 40, 13, 38
00:06:58, 35, 24, 26
00:06:59, 40, 27, 21
00:07:00, 30, 35, 27
00:07:01, 47, 43, 29
00:07:02, 54, 35, 29
00:07:03, 61, 44, 34
00:07:04, 61, 40, 26
00:07:05, 61, 35, 24
00:07:06, 70, 26, 29
00:07:07, 54, 11, 34
00:07:08, 43, 8, 48
00:07:09, 44, 4, 51
00:07:10, 53, 20, 50
00:07:11, 67, 21, 63
00:07:12, 74, 30, 57
00:07:13, 74, 43, 48
00:07:14, 63, 35, 40
00:07:15, 56, 43, 35
00:07:16, 48, 41, 37
00:07:17, 41, 30, 60
00:07:18, 41, 35, 66
00:07:19, 43, 35, 63
00:07:20, 48, 38, 64
00:07:21, 50, 51, 37
00:07:22, 40, 57, 29
00:07:23, 40, 50, 34
00:07:24, 44, 60, 30
00:07:25, 38, 54, 44
00:07:26, 41, 56, 57
00:07:27, 26, 67, 50
00:07:28, 16, 54, 53
00:07:29, 24, 44, 56
00:07:30, 30, 38, 60
00:07:31, 41, 35, 57
00:07:32, 43, 35, 34
00:07:33, 44, 40, 38
00:07:34, 47, 51, 27
00:07:35, 54, 47, 37
00:07:36, 57, 57, 57
00:07:37, 56, 56, 61
00:07:38, 56, 56, 63
00:07:39, 48, 64, 66
00:07:40, 53, 50, 67
00:07:41, 44, 44, 56
00:07:42, 50, 34, 57
00:07:43, 53, 21, 61
00:07:44, 51, 26, 50
00:07:45, 44, 34, 60
00:07:46, 30, 35, 66
00:07:47, 30, 48, 57
00:07:48, 35, 48, 74
00:07:49, 47, 48, 69
00:07:50, 56, 40, 64
00:07:51, 47, 40, 60
00:07:52, 44, 40, 48
00:07:53, 38, 20, 35
00:07:54, 27, 27, 35
00:07:55, 20, 37, 41
00:07:56, 14, 34, 35
00:07:57, 24, 50, 48
00:07:58, 24, 50, 44
00:07:59, 44, 41, 48
00:08:00, 47, 51, 54
00:08:01, 37, 50, 57
00:08:02, 34, 44, 57
00:08:03, 23, 63, 60
00:08:04, 26, 69, 47
00:08:05, 35, 57, 47
00:08:06, 47, 78, 47
00:08:07, 66, 64, 38
00:08:08, 51, 60, 53
00:08:09, 61, 78, 41
00:08:10, 61, 57, 35
00:08:11, 60, 63, 35
00:08:12, 75, 57, 23
00:08:13, 75, 47, 24
00:08:14, 80, 60, 26
00:08:15, 64, 61, 30
00:08:16, 54, 47, 44
00:08:17, 47, 53, 53
00:08:18, 37, 40, 53
00:08:19, 41, 41, 48
00:08:20, 53, 56, 50
00:08:21, 48, 43, 38
00:08:22, 44, 47, 50
00:08:23, 40, 43, 67
00:08:24, 40, 40, 67
00:08:25, 51, 54, 88
00:08:26, 57, 57, 87
00:08:27, 66, 57, 83
00:08:28, 56, 60, 78
00:08:29, 48, 61, 64
00:08:30, 54, 56, 56
00:08:31, 47, 63, 50
00:08:32, 56, 63, 41
00:08:33, 67, 40, 30
00:08:34, 78, 50, 38
00:08:35, 93, 47, 30
00:08:36, 94, 41, 51
00:08:37, 91, 56, 56
00:08:38, 83, 51, 57
00:08:39, 77, 56, 57
00:08:40, 69, 61, 43
00:08:41, 56, 50, 50
00:08:42, 48, 48, 40
00:08:43, 44, 54, 44
00:08:44, 44, 43, 47
00:08:45, 57, 44, 51
00:08:46, 67, 50, 77
00:08:47, 66, 27, 87
00:08:48, 69, 47, 88
00:08:49, 63, 41, 91
00:08:50, 60, 44, 84
00:08:51, 54, 40, 78
00:08:52, 48, 29, 81
00:08:53, 40, 35, 66
00:08:54, 44, 27, 53
00:08:55, 61, 30, 43
00:08:56, 63, 23, 37
00:08:57, 69, 24, 29
00:08:58, 64, 10, 24
00:08:59, 60, 14, 24
00:09:00, 64, 27, 14
00:09:01, 63, 27, 30
00:09:02, 66, 24, 34
00:09:03, 54, 26, 30
00:09:04, 43, 24, 54
00:09:05, 50, 37, 56
00:09:06, 50, 64, 63
00:09:07, 57, 74, 70
00:09:08, 74, 66, 53
00:09:09, 67, 67, 60
00:09:10, 67, 48, 66
00:09:11, 67, 41, 60
00:09:12, 70, 50, 67
00:09:13, 67, 40, 56
00:09:14, 66, 51, 53
00:09:15, 63, 48, 60
00:09:16, 57, 41, 56
00:09:17, 57, 40, 57
00:09:18, 51, 35, 53
00:09:19, 54, 40, 51
00:09:20, 51, 43, 44
00:09:21, 57, 29, 41
00:09:22, 63, 30, 53
00:09:23, 63, 37, 43
00:09:24, 66, 29, 48
00:09:25, 70, 54, 56
00:09:26, 69, 47, 50
00:09:27, 77, 43, 66
00:09:28, 64, 48, 63
00:09:29, 57, 40, 50
00:09:30, 61, 48, 54
00:09:31, 37, 47, 53
00:09:32, 41, 41, 63
00:09:33, 43, 40, 74
00:09:34, 48, 37, 67
00:09:35, 57, 29, 61
00:09:36, 60, 29, 66
00:09:37, 66, 20, 67
00:09:38, 63, 37, 67
00:09:39, 67, 51, 64
00:09:40, 74, 61, 56
00:09:41, 61, 74, 44
00:09:42, 63, 64, 54
00:09:43, 60, 60, 54
00:09:44, 60, 63, 54
00:09:45, 56, 64, 60
00:09:46, 60, 53, 56
00:09:47, 69, 56, 56
00:09:48, 67, 51, 64
00:09:49, 80, 48, 66
00:09:50, 70, 56, 80
00:09:51, 66, 44, 83
00:09:52, 67, 44, 67
00:09:53, 69, 53, 69
00:09:54, 74, 57, 53
00:09:55, 84, 63, 50
00:09:56, 74, 64, 64
00:09:57, 70, 51, 60
00:09:58, 69, 56, 44
00:09:59, 70, 64, 41
00:10:00, 81, 61, 30
00:10:01, 75, 70, 37
00:10:02, 70, 56, 47
00:10:03, 63, 41, 66
00:10:04, 67, 27, 67
00:10:05, 87, 34, 60
00:10:05, 87, 14, 64
00:10:06, 81, 20, 40
00:10:07, 70, 27, 50
00:10:08, 64, 24, 61
00:10:09, 81, 51, 61
00:10:10, 78, 50, 77
00:10:11, 78, 57, 67
00:10:12, 77, 60, 60
00:10:13, 54, 41, 47
00:10:14, 77, 27, 43
00:10:15, 96, 34, 41
00:10:16, 91, 17, 44
00:10:16, 100, 13, 47
00:10:17, 87, 29, 35
00:10:18, 70, 7, 38
00:10:19, 74, 13, 40
00:10:20, 77, 37, 30
00:10:21, 87, 26, 47
00:10:22, 69, 43, 51
00:10:23, 44, 43, 44
00:10:25, 47, 53, 53
00:10:26, 30, 50, 44
00:10:27, 43, 61, 29
00:10:28, 61, 63, 38
00:10:29, 53, 48, 41
00:10:30, 48, 53, 47
00:10:31, 53, 41, 48
00:10:32, 48, 34, 38
00:10:33, 29, 34, 41
00:10:34, 37, 40, 26
00:10:35, 30, 35, 26
00:10:36, 40, 37, 20
00:10:37, 50, 35, 17
00:10:38, 57, 30, 23
00:10:39, 56, 37, 26
00:10:40, 53, 40, 38
00:10:41, 69, 43, 40
00:10:42, 57, 40, 37
00:10:43, 54, 37, 34
00:10:44, 64, 44, 35
00:10:45, 53, 51, 37
00:10:46, 47, 56, 43
00:10:47, 44, 51, 54
00:10:48, 40, 38, 54
00:10:49, 38, 44, 63
00:10:50, 48, 41, 61
00:10:51, 53, 67, 60
00:10:52, 43, 78, 64
00:10:53, 44, 60, 64
00:10:54, 54, 67, 60
00:10:55, 54, 44, 57
00:10:56, 64, 29, 47
00:10:57, 56, 51, 38
00:10:58, 51, 54, 60
00:10:59, 54, 60, 54
00:11:00, 53, 66, 67
00:11:01, 66, 44, 78
00:11:02, 57, 34, 80
00:11:03, 53, 27, 87
00:11:04, 54, 34, 77
00:11:05, 43, 37, 74
00:11:06, 54, 37, 60
00:11:07, 56, 48, 64
00:11:08, 47, 48, 67
00:11:09, 57, 51, 67
00:11:10, 53, 50, 64
00:11:11, 51, 44, 61
00:11:12, 60, 61, 64
00:11:13, 44, 61, 57
00:11:14, 44, 66, 48
00:11:15, 35, 63, 44
00:11:16, 43, 43, 53
00:11:17, 54, 40, 53
00:11:18, 60, 43, 74
00:11:19, 70, 48, 74
00:11:20, 57, 51, 54
00:11:21, 41, 66, 63
00:11:22, 34, 67, 53
00:11:23, 40, 69, 48
00:11:24, 34, 74, 57
00:11:25, 29, 60, 60
00:11:26, 13, 69, 64
00:11:27, 1, 63, 75
00:11:28, 10, 61, 83
00:11:29, 24, 54, 70
00:11:30, 41, 41, 61
00:11:31, 54, 50, 44
00:11:32, 50, 27, 20
00:11:33, 47, 38, 27
00:11:34, 47, 30, 26
00:11:35, 41, 23, 38
00:11:36, 63, 43, 51
00:11:37, 64, 57, 40
00:11:38, 70, 61, 44
00:11:39, 67, 67, 41
00:11:40, 47, 70, 23
00:11:41, 37, 61, 34
00:11:42, 37, 54, 17
00:11:43, 26, 53, 17
00:11:44, 30, 44, 38
00:11:45, 43, 47, 38
00:11:46, 47, 50, 57
00:11:47, 56, 43, 50
00:11:48, 67, 61, 37
00:11:49, 80, 56, 40
00:11:50, 67, 64, 43
00:11:51, 64, 64, 74
00:11:52, 48, 50, 83
00:11:53, 35, 51, 83
00:11:54, 21, 57, 88
00:11:55, 21, 66, 75
00:11:56, 16, 77, 78
00:11:57, 8, 77, 69
00:11:58, 16, 54, 67
00:11:59, 8, 44, 66
00:12:00, 8, 30, 66
00:12:01, 21, 30, 75
00:12:02, 30, 53, 64
00:12:03, 51, 50, 64
00:12:04, 64, 50, 48
00:12:05, 64, 43, 48
00:12:06, 61, 29, 53
00:12:07, 63, 47, 54
00:12:08, 67, 56, 56
00:12:09, 53, 64, 56
00:12:10, 70, 67, 54
00:12:11, 56, 66, 63
00:12:12, 41, 56, 78
00:12:13, 56, 41, 75
00:12:14, 38, 44, 78
00:12:15, 40, 29, 61
00:12:16, 41, 35, 61
00:12:17, 44, 51, 51
00:12:18, 43, 47, 43
00:12:19, 43, 74, 43
00:12:20, 67, 78, 30
00:12:21, 70, 75, 43
00:12:22, 78, 91, 41
00:12:23, 83, 87, 43
00:12:24, 57, 84, 53
00:12:25, 53, 88, 50
00:12:26, 43, 69, 56
00:12:27, 34, 67, 56
00:12:28, 24, 63, 56
00:12:29, 27, 67, 48
00:12:30, 41, 67, 61
00:12:31, 43, 44, 67
00:12:32, 57, 35, 48
00:12:33, 47, 34, 57
00:12:34, 37, 34, 57
00:12:35, 47, 43, 61
00:12:36, 40, 48, 74
00:12:37, 41, 56, 77
00:12:38, 51, 75, 66
00:12:39, 40, 64, 63
00:12:40, 50, 81, 64
00:12:41, 43, 70, 57
00:12:42, 29, 61, 64
00:12:43, 44, 88, 63
00:12:44, 48, 88, 74
00:12:45, 56, 88, 66
00:12:46, 60, 77, 57
00:12:47, 53, 80, 44
00:12:48, 34, 90, 37
00:12:49, 40, 84, 43
00:12:50, 35, 81, 40
00:12:51, 35, 60, 51
00:12:52, 51, 48, 51
00:12:53, 37, 48, 48
00:12:54, 48, 48, 51
00:12:55, 35, 37, 53
00:12:56, 26, 21, 51
00:12:57, 29, 14, 35
00:12:58, 13, 24, 38
00:12:59, 14, 43, 38
00:13:00, 7, 40, 56
00:13:01, 7, 47, 70
00:13:02, 11, 56, 80
00:13:03, 35, 74, 81
00:13:04, 47, 100, 80
00:13:05, 61, 88, 90
00:13:06, 70, 61, 83
00:13:07, 61, 57, 75
00:13:08, 56, 38, 70
00:13:09, 44, 53, 56
00:13:10, 29, 56, 54
00:13:11, 24, 50, 57
00:13:12, 35, 35, 64
00:13:13, 38, 23, 75
00:13:14, 43, 29, 70
00:13:15, 38, 13, 80
00:13:16, 34, 26, 57
00:13:17, 21, 38, 53
00:13:18, 24, 40, 48
00:13:19, 21, 48, 40
00:13:20, 23, 51, 60
00:13:21, 40, 38, 60
00:13:21, 38, 41, 77
00:13:23, 50, 30, 61
00:13:23, 56, 35, 53
00:13:24, 44, 37, 47
00:13:25, 54, 29, 26
00:13:26, 44, 44, 30
00:13:27, 48, 38, 17
00:13:28, 57, 53, 35
00:13:29, 51, 47, 54
00:13:30, 63, 61, 54
00:13:31, 75, 56, 54
00:13:32, 78, 47, 41
00:13:33, 80, 61, 27
00:13:34, 74, 61, 38
00:13:35, 53, 66, 56
00:13:36, 35, 70, 69
00:13:37, 26, 67, 70
00:13:38, 23, 51, 63
00:13:39, 16, 48, 53
00:13:40, 14, 41, 35
00:13:41, 8, 35, 16
00:13:42, 4, 40, 8
00:13:43, 13, 41, 7
00:13:44, 17, 51, 11
00:13:45, 26, 43, 21
00:13:46, 38, 37, 37
00:13:47, 40, 41, 24
00:13:48, 37, 35, 24
00:13:49, 35, 53, 43
00:13:50, 27, 50, 54
00:13:51, 17, 43, 61
00:13:52, 24, 48, 53
00:13:53, 26, 37, 41
00:13:54, 30, 37, 37
00:13:55, 40, 40, 48
00:13:56, 40, 41, 60
00:13:57, 34, 37, 63
00:13:58, 34, 35, 44
00:13:59, 40, 40, 43
00:14:00, 38, 43, 44
00:14:01, 38, 53, 21
00:14:02, 40, 54, 20
00:14:03, 34, 54, 4
00:14:04, 35, 43, 11
00:14:05, 37, 38, 37
00:14:06, 47, 47, 50
00:14:07, 48, 43, 69
00:14:08, 56, 50, 70
00:14:09, 67, 43, 63
00:14:10, 67, 40, 57
00:14:11, 70, 29, 64
00:14:12, 67, 17, 41
00:14:13, 64, 37, 38
00:14:14, 54, 34, 35
00:14:15, 64, 53, 17
00:14:16, 78, 64, 23
00:14:17, 66, 61, 35
00:14:18, 63, 54, 38
00:14:19, 43, 43, 48
00:14:20, 20, 47, 66
00:14:21, 23, 37, 60
00:14:22, 26, 56, 78
00:14:23, 27, 50, 78
00:14:24, 41, 50, 64
00:14:25, 54, 51, 50
00:14:26, 60, 41, 23
00:14:27, 51, 60, 14
00:14:28, 41, 53, 8
00:14:29, 16, 51, 21
00:14:30, 4, 47, 30
00:14:31, 7, 43, 38
00:14:32, 11, 47, 44
00:14:33, 20, 38, 47
00:14:34, 27, 38, 57
00:14:35, 40, 24, 48
00:14:36, 44, 16, 51
00:14:37, 54, 24, 60
00:14:38, 54, 24, 43
00:14:39, 44, 24, 60
00:14:40, 40, 29, 57
00:14:41, 29, 34, 61
00:14:42, 27, 27, 61
00:14:43, 30, 29, 53
00:14:44, 27, 26, 50
00:14:45, 30, 24, 41
00:14:46, 27, 41, 41
00:14:47, 24, 44, 38
00:14:48, 24, 53, 44
00:14:49, 26, 57, 40
00:14:50, 20, 47, 44
00:14:51, 29, 50, 53
00:14:52, 34, 47, 60
00:14:53, 24, 40, 66
00:14:54, 16, 48, 69
00:14:55, 7, 48, 56
00:14:56, 3, 56, 50
00:14:57, 11, 64, 50
00:14:58, 29, 56, 37
00:14:59, 29, 47, 38
00:15:00, 21, 35, 29
00:15:01, 24, 27, 26
00:15:02, 29, 27, 37
00:15:03, 29, 35, 54
00:15:04, 41, 43, 61
00:15:05, 50, 41, 80
00:15:06, 34, 47, 78
00:15:07, 40, 43, 75
00:15:08, 37, 35, 69
00:15:09, 24, 41, 51
00:15:10, 38, 41, 53
00:15:11, 43, 44, 50
00:15:12, 41, 43, 40
00:15:13, 40, 41, 29
00:15:14, 37, 40, 43
00:15:15, 37, 30, 41
00:15:16, 41, 35, 44
00:15:17, 48, 29, 47
00:15:18, 47, 27, 30
00:15:19, 44, 43, 34
00:15:20, 43, 47, 26
00:15:21, 57, 50, 23
00:15:22, 63, 40, 16
00:15:23, 60, 41, 16
00:15:24, 51, 27, 24
00:15:25, 40, 41, 37
00:15:26, 27, 40, 47
00:15:27, 40, 23, 48
00:15:28, 54, 26, 54
00:15:29, 51, 26, 50
00:15:30, 64, 48, 38
00:15:31, 53, 57, 40
00:15:32, 54, 54, 35
00:15:33, 47, 60, 51
00:15:34, 37, 60, 66
00:15:35, 35, 66, 57
00:15:36, 26, 77, 66
00:15:37, 29, 74, 60
00:15:38, 35, 63, 48
00:15:39, 34, 61, 53
00:15:40, 23, 56, 51
00:15:41, 14, 34, 37
00:15:42, 8, 30, 47
00:15:43, 17, 34, 48
00:15:44, 30, 29, 51
00:15:45, 38, 50, 57
00:15:46, 48, 53, 57
00:15:47, 37, 47, 50
00:15:48, 34, 53, 44
00:15:49, 30, 53, 50
00:15:50, 27, 56, 47
00:15:51, 38, 57, 50
00:15:52, 38, 56, 48
00:15:53, 60, 50, 43
00:15:54, 77, 47, 40
00:15:55, 81, 40, 48
00:15:56, 87, 41, 57
00:15:57, 74, 48, 60
00:15:58, 47, 51, 67
00:15:59, 51, 63, 70
00:16:00, 56, 57, 61
00:16:01, 57, 57, 61
00:16:02, 69, 53, 44
00:16:03, 54, 40, 43
00:16:04, 37, 54, 47
00:16:05, 43, 48, 41
00:16:06, 37, 48, 54
00:16:07, 40, 61, 54
00:16:08, 53, 51, 57
00:16:09, 41, 54, 57
00:16:10, 41, 57, 44
00:16:11, 44, 53, 48
00:16:12, 47, 54, 51
00:16:13, 57, 67, 57
00:16:14, 75, 78, 66
00:16:15, 69, 75, 60
00:16:16, 67, 70, 51
00:16:17, 53, 60, 26
00:16:18, 44, 44, 34
00:16:19, 37, 48, 40
00:16:20, 41, 54, 41
00:16:21, 50, 51, 69
00:16:22, 50, 44, 43
00:16:23, 54, 44, 35
00:16:24, 41, 37, 26
00:16:25, 41, 30, 17
00:16:26, 40, 44, 37
00:16:27, 44, 44, 35
00:16:28, 53, 50, 29
00:16:29, 57, 63, 41
00:16:30, 57, 74, 43
00:16:31, 44, 64, 38
00:16:32, 41, 67, 57
00:16:33, 40, 53, 35
00:16:34, 38, 37, 40
00:16:35, 48, 41, 41
00:16:36, 47, 38, 27
00:16:37, 35, 40, 60
